{
  "redis": {
    "set_10": {
      "mean": 0.12944730122884116,
      "median": 0.13163232803344727,
      "min": 0.12428998947143555,
      "max": 0.13241958618164062,
      "raw": [
        0.13241958618164062,
        0.13163232803344727,
        0.12428998947143555
      ]
    },
    "set_1000": {
      "mean": 0.13586688041687012,
      "median": 0.13513422012329102,
      "min": 0.12832427024841309,
      "max": 0.14414215087890625,
      "raw": [
        0.12832427024841309,
        0.14414215087890625,
        0.13513422012329102
      ]
    },
    "get_10": {
      "mean": 0.12281338373819987,
      "median": 0.1226804256439209,
      "min": 0.12228012084960938,
      "max": 0.12347960472106934,
      "raw": [
        0.1226804256439209,
        0.12347960472106934,
        0.12228012084960938
      ]
    },
    "get_1000": {
      "mean": 0.12442469596862793,
      "median": 0.12399721145629883,
      "min": 0.12064719200134277,
      "max": 0.1286296844482422,
      "raw": [
        0.12064719200134277,
        0.12399721145629883,
        0.1286296844482422
      ]
    },
    "incr": {
      "mean": 0.12915444374084473,
      "median": 0.13019132614135742,
      "min": 0.1267561912536621,
      "max": 0.13051581382751465,
      "raw": [
        0.13019132614135742,
        0.13051581382751465,
        0.1267561912536621
      ]
    },
    "lpush_10": {
      "mean": 0.1252767244974772,
      "median": 0.12321615219116211,
      "min": 0.12093591690063477,
      "max": 0.13167810440063477,
      "raw": [
        0.13167810440063477,
        0.12321615219116211,
        0.12093591690063477
      ]
    },
    "lpush_1000": {
      "mean": 0.13416624069213867,
      "median": 0.13355755805969238,
      "min": 0.13056707382202148,
      "max": 0.13837409019470215,
      "raw": [
        0.13056707382202148,
        0.13837409019470215,
        0.13355755805969238
      ]
    },
    "lpop": {
      "mean": 0.1317256291707357,
      "median": 0.13072419166564941,
      "min": 0.13068938255310059,
      "max": 0.13376331329345703,
      "raw": [
        0.13068938255310059,
        0.13072419166564941,
        0.13376331329345703
      ]
    }
  },
  "valkey": {
    "set_10": {
      "mean": 0.1344322363535563,
      "median": 0.13527393341064453,
      "min": 0.13184499740600586,
      "max": 0.13617777824401855,
      "raw": [
        0.13527393341064453,
        0.13617777824401855,
        0.13184499740600586
      ]
    },
    "set_1000": {
      "mean": 0.13690861066182455,
      "median": 0.13609576225280762,
      "min": 0.13429665565490723,
      "max": 0.1403334140777588,
      "raw": [
        0.13429665565490723,
        0.13609576225280762,
        0.1403334140777588
      ]
    },
    "get_10": {
      "mean": 0.11429309844970703,
      "median": 0.11388254165649414,
      "min": 0.11301231384277344,
      "max": 0.11598443984985352,
      "raw": [
        0.11388254165649414,
        0.11598443984985352,
        0.11301231384277344
      ]
    },
    "get_1000": {
      "mean": 0.11681969960530598,
      "median": 0.12005090713500977,
      "min": 0.10822677612304688,
      "max": 0.12218141555786133,
      "raw": [
        0.10822677612304688,
        0.12218141555786133,
        0.12005090713500977
      ]
    },
    "incr": {
      "mean": 0.12648328145345053,
      "median": 0.12683534622192383,
      "min": 0.12136054039001465,
      "max": 0.13125395774841309,
      "raw": [
        0.12136054039001465,
        0.13125395774841309,
        0.12683534622192383
      ]
    },
    "lpush_10": {
      "mean": 0.12904810905456543,
      "median": 0.13078713417053223,
      "min": 0.1235663890838623,
      "max": 0.13279080390930176,
      "raw": [
        0.13279080390930176,
        0.13078713417053223,
        0.1235663890838623
      ]
    },
    "lpush_1000": {
      "mean": 0.1368130842844645,
      "median": 0.13776302337646484,
      "min": 0.13380718231201172,
      "max": 0.138869047164917,
      "raw": [
        0.138869047164917,
        0.13776302337646484,
        0.13380718231201172
      ]
    },
    "lpop": {
      "mean": 0.1222238540649414,
      "median": 0.11936569213867188,
      "min": 0.11791419982910156,
      "max": 0.12939167022705078,
      "raw": [
        0.12939167022705078,
        0.11791419982910156,
        0.11936569213867188
      ]
    }
  },
  "metadata": {
    "timestamp": "2025-04-23T19:49:51.823998",
    "num_operations": 1000,
    "repeat_count": 3
  }
}